{"layout":"[{\"name\":\"Media\",\"class\":\"\",\"responsive\":\"\",\"backgroundcolor\":\"rgba(255, 255, 255, 0)\",\"textcolor\":\"rgba(255, 255, 255, 0)\",\"linkcolor\":\"rgba(255, 255, 255, 0)\",\"linkhovercolor\":\"rgba(255, 255, 255, 0)\",\"margin\":\"\",\"padding\":\"20px 0\",\"containertype\":\"container\",\"children\":[{\"col-xs\":\"\",\"col-sm\":\"\",\"col-md\":\"\",\"col-lg\":\"12\",\"col-xs-offset\":\"\",\"col-sm-offset\":\"\",\"col-md-offset\":\"\",\"col-lg-offset\":\"\",\"type\":\"media\",\"customclass\":\"\",\"responsiveclass\":\"\"}]},{\"name\":\"Title\",\"class\":\"\",\"responsive\":\"\",\"backgroundcolor\":\"rgba(255, 255, 255, 0)\",\"textcolor\":\"rgba(255, 255, 255, 0)\",\"linkcolor\":\"rgba(255, 255, 255, 0)\",\"linkhovercolor\":\"rgba(255, 255, 255, 0)\",\"margin\":\"\",\"padding\":\"\",\"containertype\":\"container\",\"children\":[{\"col-xs\":\"\",\"col-sm\":\"\",\"col-md\":\"\",\"col-lg\":\"10\",\"col-xs-offset\":\"\",\"col-sm-offset\":\"\",\"col-md-offset\":\"\",\"col-lg-offset\":\"\",\"type\":\"title\",\"customclass\":\"\",\"responsiveclass\":\"\"},{\"col-xs\":\"\",\"col-sm\":\"\",\"col-md\":\"\",\"col-lg\":\"2\",\"col-xs-offset\":\"\",\"col-sm-offset\":\"\",\"col-md-offset\":\"\",\"col-lg-offset\":\"\",\"type\":\"icons\",\"customclass\":\"\",\"responsiveclass\":\"\"}]},{\"name\":\"Information\",\"class\":\"info-meta\",\"responsive\":\"\",\"backgroundcolor\":\"rgba(255, 255, 255, 0)\",\"textcolor\":\"rgba(255, 255, 255, 0)\",\"linkcolor\":\"rgba(255, 255, 255, 0)\",\"linkhovercolor\":\"rgba(255, 255, 255, 0)\",\"margin\":\"\",\"padding\":\"\",\"containertype\":\"container\",\"children\":[{\"col-xs\":\"\",\"col-sm\":\"\",\"col-md\":\"\",\"col-lg\":\"\",\"col-xs-offset\":\"\",\"col-sm-offset\":\"\",\"col-md-offset\":\"\",\"col-lg-offset\":\"\",\"type\":\"author\",\"customclass\":\"\",\"responsiveclass\":\"\"},{\"col-xs\":\"\",\"col-sm\":\"\",\"col-md\":\"\",\"col-lg\":\"\",\"col-xs-offset\":\"\",\"col-sm-offset\":\"\",\"col-md-offset\":\"\",\"col-lg-offset\":\"\",\"type\":\"created_date\",\"customclass\":\"\",\"responsiveclass\":\"\"},{\"col-xs\":\"\",\"col-sm\":\"\",\"col-md\":\"\",\"col-lg\":\"\",\"col-xs-offset\":\"\",\"col-sm-offset\":\"\",\"col-md-offset\":\"\",\"col-lg-offset\":\"\",\"type\":\"vote\",\"customclass\":\"\",\"responsiveclass\":\"\"}]},{\"name\":\"Introtext\",\"class\":\"\",\"responsive\":\"\",\"backgroundcolor\":\"rgba(255, 255, 255, 0)\",\"textcolor\":\"rgba(255, 255, 255, 0)\",\"linkcolor\":\"rgba(255, 255, 255, 0)\",\"linkhovercolor\":\"rgba(255, 255, 255, 0)\",\"margin\":\"\",\"padding\":\"\",\"containertype\":\"container\",\"children\":[{\"col-xs\":\"12\",\"col-sm\":\"12\",\"col-md\":\"12\",\"col-lg\":\"12\",\"col-xs-offset\":\"\",\"col-sm-offset\":\"\",\"col-md-offset\":\"\",\"col-lg-offset\":\"\",\"type\":\"introtext\",\"customclass\":\"\",\"responsiveclass\":\"\"}]},{\"name\":\"Fulltext\",\"class\":\"\",\"responsive\":\"\",\"backgroundcolor\":\"rgba(255, 255, 255, 0)\",\"textcolor\":\"rgba(255, 255, 255, 0)\",\"linkcolor\":\"rgba(255, 255, 255, 0)\",\"linkhovercolor\":\"rgba(255, 255, 255, 0)\",\"margin\":\"\",\"padding\":\"\",\"containertype\":\"container\",\"children\":[{\"col-xs\":\"12\",\"col-sm\":\"12\",\"col-md\":\"12\",\"col-lg\":\"12\",\"col-xs-offset\":\"\",\"col-sm-offset\":\"\",\"col-md-offset\":\"\",\"col-lg-offset\":\"\",\"type\":\"fulltext\",\"customclass\":\"\",\"responsiveclass\":\"\"}]},{\"name\":\"Information 2\",\"class\":\"info-table\",\"responsive\":\"\",\"backgroundcolor\":\"rgba(255, 255, 255, 0)\",\"textcolor\":\"rgba(255, 255, 255, 0)\",\"linkcolor\":\"rgba(255, 255, 255, 0)\",\"linkhovercolor\":\"rgba(255, 255, 255, 0)\",\"margin\":\"\",\"padding\":\"\",\"containertype\":\"container\",\"children\":[{\"col-xs\":\"\",\"col-sm\":\"\",\"col-md\":\"\",\"col-lg\":\"6\",\"col-xs-offset\":\"\",\"col-sm-offset\":\"\",\"col-md-offset\":\"\",\"col-lg-offset\":\"\",\"type\":\"none\",\"customclass\":\"muted\",\"responsiveclass\":\"\",\"children\":[{\"name\":\"Information Core\",\"class\":\"\",\"responsive\":\"\",\"backgroundcolor\":\"rgba(255, 255, 255, 0)\",\"textcolor\":\"rgba(255, 255, 255, 0)\",\"linkcolor\":\"rgba(255, 255, 255, 0)\",\"linkhovercolor\":\"rgba(255, 255, 255, 0)\",\"margin\":\"\",\"padding\":\"\",\"children\":[{\"col-xs\":\"\",\"col-sm\":\"\",\"col-md\":\"\",\"col-lg\":\"12\",\"col-xs-offset\":\"\",\"col-sm-offset\":\"\",\"col-md-offset\":\"\",\"col-lg-offset\":\"\",\"type\":\"category\",\"position\":\"\",\"style\":\"\",\"customclass\":\"\",\"responsiveclass\":\"\"},{\"col-xs\":\"\",\"col-sm\":\"\",\"col-md\":\"\",\"col-lg\":\"12\",\"col-xs-offset\":\"\",\"col-sm-offset\":\"\",\"col-md-offset\":\"\",\"col-lg-offset\":\"\",\"type\":\"parent_category\",\"position\":\"\",\"style\":\"\",\"customclass\":\"\",\"responsiveclass\":\"\"},{\"col-xs\":\"\",\"col-sm\":\"\",\"col-md\":\"\",\"col-lg\":\"12\",\"col-xs-offset\":\"\",\"col-sm-offset\":\"\",\"col-md-offset\":\"\",\"col-lg-offset\":\"\",\"type\":\"hits\",\"position\":\"\",\"style\":\"\",\"customclass\":\"\",\"responsiveclass\":\"\"},{\"col-xs\":\"\",\"col-sm\":\"\",\"col-md\":\"\",\"col-lg\":\"12\",\"col-xs-offset\":\"\",\"col-sm-offset\":\"\",\"col-md-offset\":\"\",\"col-lg-offset\":\"\",\"type\":\"published_date\",\"position\":\"\",\"style\":\"\",\"customclass\":\"\",\"responsiveclass\":\"\"},{\"col-xs\":\"\",\"col-sm\":\"\",\"col-md\":\"\",\"col-lg\":\"12\",\"col-xs-offset\":\"\",\"col-sm-offset\":\"\",\"col-md-offset\":\"\",\"col-lg-offset\":\"\",\"type\":\"modified_date\",\"position\":\"\",\"style\":\"\",\"customclass\":\"\",\"responsiveclass\":\"\"}]}]},{\"col-xs\":\"\",\"col-sm\":\"\",\"col-md\":\"\",\"col-lg\":\"6\",\"col-xs-offset\":\"\",\"col-sm-offset\":\"\",\"col-md-offset\":\"\",\"col-lg-offset\":\"\",\"type\":\"extrafields\",\"customclass\":\"\",\"responsiveclass\":\"\"}]},{\"name\":\"Tags\",\"class\":\"\",\"responsive\":\"\",\"backgroundcolor\":\"rgba(255, 255, 255, 0)\",\"textcolor\":\"rgba(255, 255, 255, 0)\",\"linkcolor\":\"rgba(255, 255, 255, 0)\",\"linkhovercolor\":\"rgba(255, 255, 255, 0)\",\"margin\":\"\",\"padding\":\"\",\"containertype\":\"container\",\"children\":[{\"col-xs\":\"12\",\"col-sm\":\"12\",\"col-md\":\"12\",\"col-lg\":\"12\",\"col-xs-offset\":\"\",\"col-sm-offset\":\"\",\"col-md-offset\":\"\",\"col-lg-offset\":\"\",\"type\":\"tags\",\"customclass\":\"\",\"responsiveclass\":\"\"}]},{\"name\":\"Author Info\",\"class\":\"\",\"responsive\":\"\",\"backgroundcolor\":\"rgba(255, 255, 255, 0)\",\"textcolor\":\"rgba(255, 255, 255, 0)\",\"linkcolor\":\"rgba(255, 255, 255, 0)\",\"linkhovercolor\":\"rgba(255, 255, 255, 0)\",\"margin\":\"\",\"padding\":\"\",\"containertype\":\"container\",\"children\":[{\"col-xs\":\"12\",\"col-sm\":\"12\",\"col-md\":\"12\",\"col-lg\":\"12\",\"col-xs-offset\":\"\",\"col-sm-offset\":\"\",\"col-md-offset\":\"\",\"col-lg-offset\":\"\",\"type\":\"author_about\",\"customclass\":\"\",\"responsiveclass\":\"\"}]},{\"name\":\"Related Articles\",\"class\":\"\",\"responsive\":\"\",\"backgroundcolor\":\"rgba(255, 255, 255, 0)\",\"textcolor\":\"rgba(255, 255, 255, 0)\",\"linkcolor\":\"rgba(255, 255, 255, 0)\",\"linkhovercolor\":\"rgba(255, 255, 255, 0)\",\"margin\":\"\",\"padding\":\"\",\"containertype\":\"container\",\"children\":[{\"col-xs\":\"12\",\"col-sm\":\"12\",\"col-md\":\"12\",\"col-lg\":\"12\",\"col-xs-offset\":\"\",\"col-sm-offset\":\"\",\"col-md-offset\":\"\",\"col-lg-offset\":\"\",\"type\":\"related\",\"customclass\":\"\",\"responsiveclass\":\"\"}]}]","params":"{\"layout\":\"ups_davies\",\"use_single_layout_builder\":\"1\",\"enable_awesome_font\":\"1\",\"column_height\":\"300\",\"enable_resize_image\":\"1\"}","presets":{"name":"demo-ups-davies"}}